<?xml version="1.0" encoding="UTF-8"?>
<project-private xmlns="http://www.netbeans.org/ns/project-private/1">
    <editor-bookmarks xmlns="http://www.netbeans.org/ns/editor-bookmarks/2" lastBookmarkId="0"/>
    <open-files xmlns="http://www.netbeans.org/ns/projectui-open-files/2">
        <group>
            <file>file:/C:/Users/Maria%20Emanuelli/Documents/NetBeansProjects/mavenproject1/aula08062018certo/nbproject/build-impl.xml</file>
            <file>file:/C:/Users/Maria%20Emanuelli/Documents/NetBeansProjects/mavenproject1/aula08062018/src/main/java/Entidades/Autor.java</file>
        </group>
    </open-files>
</project-private>
